"yr","mo.no","mo.no.char","mo.char","site","NDVI.wks.a","NDVI.wks.b","NDVI.MVC.mo","day.num","date.","julian"
"1993",1,"1","Jan","broadleaf",0.7515,0.7201,0.7515,14,"1993-01-14",14
"1993",1,"1","Jan","Lloyd",0.6509,0.6367,0.6509,14,"1993-01-14",14
"1993",1,"1","Jan","scrub",0.4641,0.4515,0.4641,14,"1993-01-14",14
"1993",2,"2","Feb","broadleaf",0.6764,0.6128,0.6764,14,"1993-02-14",45
"1993",2,"2","Feb","Lloyd",0.6816,0.6544,0.6816,14,"1993-02-14",45
"1993",2,"2","Feb","scrub",0.4482,0.4255,0.4482,14,"1993-02-14",45
"1993",3,"3","Mar","broadleaf",0.6357,0.7127,0.7127,14,"1993-03-14",73
"1993",3,"3","Mar","Lloyd",0.5785,0.684,0.684,14,"1993-03-14",73
"1993",3,"3","Mar","scrub",0.4735,0.4727,0.4735,14,"1993-03-14",73
"1993",4,"4","Apr","broadleaf",0.769,0.7702,0.7702,14,"1993-04-14",104
"1993",4,"4","Apr","Lloyd",0.6455,0.6391,0.6455,14,"1993-04-14",104
"1993",4,"4","Apr","scrub",0.4286,0.4618,0.4618,14,"1993-04-14",104
"1993",5,"5","May","broadleaf",0.5996,0.5741,0.5996,14,"1993-05-14",134
"1993",5,"5","May","Lloyd",0.6406,0.5998,0.6406,14,"1993-05-14",134
"1993",5,"5","May","scrub",0.4453,0.3277,0.4453,14,"1993-05-14",134
"1993",6,"6","Jun","broadleaf",0.7163,0.7247,0.7247,14,"1993-06-14",165
"1993",6,"6","Jun","Lloyd",0.6535,0.6528,0.6535,14,"1993-06-14",165
"1993",6,"6","Jun","scrub",0.4043,0.5099,0.5099,14,"1993-06-14",165
"1993",7,"7","Jul","broadleaf",0.6987,0.6729,0.6987,14,"1993-07-14",195
"1993",7,"7","Jul","Lloyd",0.6675,0.6519,0.6675,14,"1993-07-14",195
"1993",7,"7","Jul","scrub",0.3547,0.3709,0.3709,14,"1993-07-14",195
"1993",8,"8","Aug","broadleaf",0.6835,0.67,0.6835,14,"1993-08-14",226
"1993",8,"8","Aug","Lloyd",0.6454,0.6413,0.6454,14,"1993-08-14",226
"1993",8,"8","Aug","scrub",0.3816,0.4066,0.4066,14,"1993-08-14",226
"1993",9,"9","Sep","broadleaf",0.5693,0.8049,0.8049,14,"1993-09-14",257
"1993",9,"9","Sep","Lloyd",0.6126,0.6025,0.6126,14,"1993-09-14",257
"1993",9,"9","Sep","scrub",0.2881,0.5074,0.5074,14,"1993-09-14",257
"1993",10,"10","Oct","broadleaf",0.8458,0.797,0.8458,14,"1993-10-14",287
"1993",10,"10","Oct","Lloyd",0.6201,0.6841,0.6841,14,"1993-10-14",287
"1993",10,"10","Oct","scrub",0.5018,0.5641,0.5641,14,"1993-10-14",287
"1993",11,"11","Nov","broadleaf",0.8114,0.7016,0.8114,14,"1993-11-14",318
"1993",11,"11","Nov","Lloyd",0.6839,0.6297,0.6839,14,"1993-11-14",318
"1993",11,"11","Nov","scrub",0.6211,0.5509,0.6211,14,"1993-11-14",318
"1993",12,"12","Dec","broadleaf",0.6912,0.8087,0.8087,14,"1993-12-14",348
"1993",12,"12","Dec","Lloyd",0.6585,0.6522,0.6585,14,"1993-12-14",348
"1993",12,"12","Dec","scrub",0.5072,0.5086,0.5086,14,"1993-12-14",348
"1994",1,"1","Jan","broadleaf",0.8102,0.7392,0.8102,14,"1994-01-14",14
"1994",1,"1","Jan","Lloyd",0.6734,0.6384,0.6734,14,"1994-01-14",14
"1994",1,"1","Jan","scrub",0.46,0.4108,0.46,14,"1994-01-14",14
"1994",2,"2","Feb","broadleaf",0.7805,0.7104,0.7805,14,"1994-02-14",45
"1994",2,"2","Feb","Lloyd",0.6771,0.6412,0.6771,14,"1994-02-14",45
"1994",2,"2","Feb","scrub",0.4065,0.3765,0.4065,14,"1994-02-14",45
"1994",3,"3","Mar","broadleaf",0.62,0.6642,0.6642,14,"1994-03-14",73
"1994",3,"3","Mar","Lloyd",0.625,0.5597,0.625,14,"1994-03-14",73
"1994",3,"3","Mar","scrub",0.3487,0.34,0.3487,14,"1994-03-14",73
"1994",4,"4","Apr","broadleaf",0.637,0.758,0.758,14,"1994-04-14",104
"1994",4,"4","Apr","Lloyd",0.5783,0.6571,0.6571,14,"1994-04-14",104
"1994",4,"4","Apr","scrub",0.376,0.4834,0.4834,14,"1994-04-14",104
"1994",5,"5","May","broadleaf",0.7625,0.7198,0.7625,14,"1994-05-14",134
"1994",5,"5","May","Lloyd",0.6068,0.6041,0.6068,14,"1994-05-14",134
"1994",5,"5","May","scrub",0.5307,0.4338,0.5307,14,"1994-05-14",134
"1994",6,"6","Jun","broadleaf",0.7319,0.6921,0.7319,14,"1994-06-14",165
"1994",6,"6","Jun","Lloyd",0.5937,0.6281,0.6281,14,"1994-06-14",165
"1994",6,"6","Jun","scrub",0.4569,0.4406,0.4569,14,"1994-06-14",165
"1994",7,"7","Jul","broadleaf",0.5828,0.6381,0.6381,14,"1994-07-14",195
"1994",7,"7","Jul","Lloyd",0.6219,0.6489,0.6489,14,"1994-07-14",195
"1994",7,"7","Jul","scrub",0.4173,0.3945,0.4173,14,"1994-07-14",195
"1994",8,"8","Aug","broadleaf",0.5866,0.6408,0.6408,14,"1994-08-14",226
"1994",8,"8","Aug","Lloyd",0.6457,0.6293,0.6457,14,"1994-08-14",226
"1994",8,"8","Aug","scrub",0.3781,0.3846,0.3846,14,"1994-08-14",226
"1994",9,"9","Sep","broadleaf",0.7072,0.6171,0.7072,14,"1994-09-14",257
"1994",9,"9","Sep","Lloyd",0.6129,0.6435,0.6435,14,"1994-09-14",257
"1994",9,"9","Sep","scrub",0.3802,0.4611,0.4611,14,"1994-09-14",257
"1994",10,"10","Oct","broadleaf",0.6116,0.7704,0.7704,14,"1994-10-14",287
"1994",10,"10","Oct","Lloyd",0.6913,0.6788,0.6913,14,"1994-10-14",287
"1994",10,"10","Oct","scrub",0.4325,0.507,0.507,14,"1994-10-14",287
"1994",11,"11","Nov","broadleaf",0.8437,0.8476,0.8476,14,"1994-11-14",318
"1994",11,"11","Nov","Lloyd",0.6702,0.6996,0.6996,14,"1994-11-14",318
"1994",11,"11","Nov","scrub",0.5131,0.5342,0.5342,14,"1994-11-14",318
"1994",12,"12","Dec","broadleaf",0.8572,0.7944,0.8572,14,"1994-12-14",348
"1994",12,"12","Dec","Lloyd",0.6877,0.6621,0.6877,14,"1994-12-14",348
"1994",12,"12","Dec","scrub",0.5135,0.4954,0.5135,14,"1994-12-14",348
"1995",1,"1","Jan","broadleaf",0.704,0.8049,0.8049,14,"1995-01-14",14
"1995",1,"1","Jan","Lloyd",0.7059,0.6605,0.7059,14,"1995-01-14",14
"1995",1,"1","Jan","scrub",0.4766,0.5063,0.5063,14,"1995-01-14",14
"1995",2,"2","Feb","broadleaf",0.7679,0.7549,0.7679,14,"1995-02-14",45
"1995",2,"2","Feb","Lloyd",0.6754,0.5865,0.6754,14,"1995-02-14",45
"1995",2,"2","Feb","scrub",0.4605,0.4547,0.4605,14,"1995-02-14",45
"1995",3,"3","Mar","broadleaf",0.7568,0.6069,0.7568,14,"1995-03-14",73
"1995",3,"3","Mar","Lloyd",0.6117,0.6008,0.6117,14,"1995-03-14",73
"1995",3,"3","Mar","scrub",0.4326,0.3878,0.4326,14,"1995-03-14",73
"1995",4,"4","Apr","broadleaf",0.8021,0.8317,0.8317,14,"1995-04-14",104
"1995",4,"4","Apr","Lloyd",0.6945,0.7024,0.7024,14,"1995-04-14",104
"1995",4,"4","Apr","scrub",0.5511,0.5063,0.5511,14,"1995-04-14",104
"1995",5,"5","May","broadleaf",0.7114,0.6938,0.7114,14,"1995-05-14",134
"1995",5,"5","May","Lloyd",0.5656,0.6196,0.6196,14,"1995-05-14",134
"1995",5,"5","May","scrub",0.4217,0.3769,0.4217,14,"1995-05-14",134
"1995",6,"6","Jun","broadleaf",0.6291,0.4903,0.6291,14,"1995-06-14",165
"1995",6,"6","Jun","Lloyd",0.593,0.5791,0.593,14,"1995-06-14",165
"1995",6,"6","Jun","scrub",0.3659,0.2734,0.3659,14,"1995-06-14",165
"1995",7,"7","Jul","broadleaf",0.6605,0.642,0.6605,14,"1995-07-14",195
"1995",7,"7","Jul","Lloyd",0.6427,0.5995,0.6427,14,"1995-07-14",195
"1995",7,"7","Jul","scrub",0.3729,0.4416,0.4416,14,"1995-07-14",195
"1995",8,"8","Aug","broadleaf",0.7484,0.7031,0.7484,14,"1995-08-14",226
"1995",8,"8","Aug","Lloyd",0.6239,0.6562,0.6562,14,"1995-08-14",226
"1995",8,"8","Aug","scrub",0.5312,0.5122,0.5312,14,"1995-08-14",226
"1995",9,"9","Sep","broadleaf",0.7197,0.7003,0.7197,14,"1995-09-14",257
"1995",9,"9","Sep","Lloyd",0.6836,0.6836,0.6836,14,"1995-09-14",257
"1995",9,"9","Sep","scrub",0.5431,0.5849,0.5849,14,"1995-09-14",257
"1995",10,"10","Oct","broadleaf",0.853,0.7345,0.853,14,"1995-10-14",287
"1995",10,"10","Oct","Lloyd",0.5995,0.715,0.715,14,"1995-10-14",287
"1995",10,"10","Oct","scrub",0.5789,0.5371,0.5789,14,"1995-10-14",287
"1995",11,"11","Nov","broadleaf",0.8594,0.8483,0.8594,14,"1995-11-14",318
"1995",11,"11","Nov","Lloyd",0.7459,0.7499,0.7499,14,"1995-11-14",318
"1995",11,"11","Nov","scrub",0.5829,0.5122,0.5829,14,"1995-11-14",318
"1995",12,"12","Dec","broadleaf",0.7817,0.8113,0.8113,14,"1995-12-14",348
"1995",12,"12","Dec","Lloyd",0.7137,0.6562,0.7137,14,"1995-12-14",348
"1995",12,"12","Dec","scrub",0.4943,0.4804,0.4943,14,"1995-12-14",348
"1996",1,"1","Jan","broadleaf",0.779,0.7308,0.779,14,"1996-01-14",14
"1996",1,"1","Jan","Lloyd",0.6396,0.6653,0.6653,14,"1996-01-14",14
"1996",1,"1","Jan","scrub",0.4874,0.4933,0.4933,14,"1996-01-14",14
"1996",2,"2","Feb","broadleaf",0.6883,0.5939,0.6883,14,"1996-02-14",45
"1996",2,"2","Feb","Lloyd",0.6923,0.6723,0.6923,14,"1996-02-14",45
"1996",2,"2","Feb","scrub",0.4774,0.4894,0.4894,14,"1996-02-14",45
"1996",3,"3","Mar","broadleaf",0.6282,0.7457,0.7457,14,"1996-03-14",74
"1996",3,"3","Mar","Lloyd",0.5534,0.6871,0.6871,14,"1996-03-14",74
"1996",3,"3","Mar","scrub",0.4923,0.4814,0.4923,14,"1996-03-14",74
"1996",4,"4","Apr","broadleaf",0.7706,0.7882,0.7882,14,"1996-04-14",105
"1996",4,"4","Apr","Lloyd",0.6544,0.6366,0.6544,14,"1996-04-14",105
"1996",4,"4","Apr","scrub",0.4286,0.4943,0.4943,14,"1996-04-14",105
"1996",5,"5","May","broadleaf",0.5893,0.6087,0.6087,14,"1996-05-14",135
"1996",5,"5","May","Lloyd",0.6815,0.6148,0.6815,14,"1996-05-14",135
"1996",5,"5","May","scrub",0.4635,0.345,0.4635,14,"1996-05-14",135
"1996",6,"6","Jun","broadleaf",0.6938,0.766,0.766,14,"1996-06-14",166
"1996",6,"6","Jun","Lloyd",0.6575,0.6575,0.6575,14,"1996-06-14",166
"1996",6,"6","Jun","scrub",0.3729,0.5003,0.5003,14,"1996-06-14",166
"1996",7,"7","Jul","broadleaf",0.6781,0.6901,0.6901,14,"1996-07-14",196
"1996",7,"7","Jul","Lloyd",0.664,0.6745,0.6745,14,"1996-07-14",196
"1996",7,"7","Jul","scrub",0.3251,0.362,0.362,14,"1996-07-14",196
"1996",8,"8","Aug","broadleaf",0.7123,0.6689,0.7123,14,"1996-08-14",227
"1996",8,"8","Aug","Lloyd",0.6762,0.6693,0.6762,14,"1996-08-14",227
"1996",8,"8","Aug","scrub",0.3998,0.3968,0.3998,14,"1996-08-14",227
"1996",9,"9","Sep","broadleaf",0.5107,0.8298,0.8298,14,"1996-09-14",258
"1996",9,"9","Sep","Lloyd",0.6078,0.6161,0.6161,14,"1996-09-14",258
"1996",9,"9","Sep","scrub",0.2117,0.5292,0.5292,14,"1996-09-14",258
"1996",10,"10","Oct","broadleaf",0.8474,0.8539,0.8539,14,"1996-10-14",288
"1996",10,"10","Oct","Lloyd",0.6117,0.7106,0.7106,14,"1996-10-14",288
"1996",10,"10","Oct","scrub",0.5182,0.6148,0.6148,14,"1996-10-14",288
"1996",11,"11","Nov","broadleaf",0.8761,0.754,0.8761,14,"1996-11-14",319
"1996",11,"11","Nov","Lloyd",0.7146,0.6627,0.7146,14,"1996-11-14",319
"1996",11,"11","Nov","scrub",0.6934,0.602,0.6934,14,"1996-11-14",319
"1996",12,"12","Dec","broadleaf",0.7031,0.8456,0.8456,14,"1996-12-14",349
"1996",12,"12","Dec","Lloyd",0.6675,0.6876,0.6876,14,"1996-12-14",349
"1996",12,"12","Dec","scrub",0.5361,0.5373,0.5373,14,"1996-12-14",349
"1997",1,"1","Jan","broadleaf",0.8382,0.7836,0.8382,14,"1997-01-14",14
"1997",1,"1","Jan","Lloyd",0.6862,0.6366,0.6862,14,"1997-01-14",14
"1997",1,"1","Jan","scrub",0.4854,0.4207,0.4854,14,"1997-01-14",14
"1997",2,"2","Feb","broadleaf",0.8252,0.7845,0.8252,14,"1997-02-14",45
"1997",2,"2","Feb","Lloyd",0.6823,0.6693,0.6823,14,"1997-02-14",45
"1997",2,"2","Feb","scrub",0.4247,0.4028,0.4247,14,"1997-02-14",45
"1997",3,"3","Mar","broadleaf",0.7494,0.667,0.7494,14,"1997-03-14",73
"1997",3,"3","Mar","Lloyd",0.6919,0.5542,0.6919,14,"1997-03-14",73
"1997",3,"3","Mar","scrub",0.3669,0.3152,0.3669,14,"1997-03-14",73
"1997",4,"4","Apr","broadleaf",0.6383,0.7993,0.7993,14,"1997-04-14",104
"1997",4,"4","Apr","Lloyd",0.5542,0.6557,0.6557,14,"1997-04-14",104
"1997",4,"4","Apr","scrub",0.3679,0.5132,0.5132,14,"1997-04-14",104
"1997",5,"5","May","broadleaf",0.778,0.7281,0.778,14,"1997-05-14",134
"1997",5,"5","May","Lloyd",0.6117,0.6017,0.6117,14,"1997-05-14",134
"1997",5,"5","May","scrub",0.568,0.4296,0.568,14,"1997-05-14",134
"1997",6,"6","Jun","broadleaf",0.7521,0.717,0.7521,14,"1997-06-14",165
"1997",6,"6","Jun","Lloyd",0.5882,0.6488,0.6488,14,"1997-06-14",165
"1997",6,"6","Jun","scrub",0.4575,0.4675,0.4675,14,"1997-06-14",165
"1997",7,"7","Jul","broadleaf",0.5245,0.6467,0.6467,14,"1997-07-14",195
"1997",7,"7","Jul","Lloyd",0.6309,0.6584,0.6584,14,"1997-07-14",195
"1997",7,"7","Jul","scrub",0.4436,0.4217,0.4436,14,"1997-07-14",195
"1997",8,"8","Aug","broadleaf",0.6541,0.6938,0.6938,14,"1997-08-14",226
"1997",8,"8","Aug","Lloyd",0.6871,0.6557,0.6871,14,"1997-08-14",226
"1997",8,"8","Aug","scrub",0.4157,0.4416,0.4416,14,"1997-08-14",226
"1997",9,"9","Sep","broadleaf",0.7577,0.6559,0.7577,14,"1997-09-14",257
"1997",9,"9","Sep","Lloyd",0.6305,0.6313,0.6313,14,"1997-09-14",257
"1997",9,"9","Sep","scrub",0.4038,0.5292,0.5292,14,"1997-09-14",257
"1997",10,"10","Oct","broadleaf",0.5553,0.8095,0.8095,14,"1997-10-14",287
"1997",10,"10","Oct","Lloyd",0.6946,0.698,0.698,14,"1997-10-14",287
"1997",10,"10","Oct","scrub",0.4567,0.5521,0.5521,14,"1997-10-14",287
"1997",11,"11","Nov","broadleaf",0.852,0.8548,0.8548,14,"1997-11-14",318
"1997",11,"11","Nov","Lloyd",0.6954,0.6971,0.6971,14,"1997-11-14",318
"1997",11,"11","Nov","scrub",0.5361,0.5909,0.5909,14,"1997-11-14",318
"1997",12,"12","Dec","broadleaf",0.8733,0.7725,0.8733,14,"1997-12-14",348
"1997",12,"12","Dec","Lloyd",0.6876,0.6518,0.6876,14,"1997-12-14",348
"1997",12,"12","Dec","scrub",0.558,0.5202,0.558,14,"1997-12-14",348
"1998",1,"1","Jan","broadleaf",0.7947,0.7614,0.7947,14,"1998-01-14",14
"1998",1,"1","Jan","Lloyd",0.678,0.6601,0.678,14,"1998-01-14",14
"1998",1,"1","Jan","scrub",0.4943,0.4525,0.4943,14,"1998-01-14",14
"1998",2,"2","Feb","broadleaf",0.791,0.8049,0.8049,14,"1998-02-14",45
"1998",2,"2","Feb","Lloyd",0.6601,0.6653,0.6653,14,"1998-02-14",45
"1998",2,"2","Feb","scrub",0.5103,0.4276,0.5103,14,"1998-02-14",45
"1998",3,"3","Mar","broadleaf",0.6605,0.6615,0.6615,14,"1998-03-14",73
"1998",3,"3","Mar","Lloyd",0.5821,0.6218,0.6218,14,"1998-03-14",73
"1998",3,"3","Mar","scrub",0.36,0.3112,0.36,14,"1998-03-14",73
"1998",4,"4","Apr","broadleaf",0.7077,0.7984,0.7984,14,"1998-04-14",104
"1998",4,"4","Apr","Lloyd",0.5982,0.681,0.681,14,"1998-04-14",104
"1998",4,"4","Apr","scrub",0.3431,0.4615,0.4615,14,"1998-04-14",104
"1998",5,"5","May","broadleaf",0.6208,0.7475,0.7475,14,"1998-05-14",134
"1998",5,"5","May","Lloyd",0.5516,0.6113,0.6113,14,"1998-05-14",134
"1998",5,"5","May","scrub",0.3699,0.4555,0.4555,14,"1998-05-14",134
"1998",6,"6","Jun","broadleaf",0.7179,0.741,0.741,14,"1998-06-14",165
"1998",6,"6","Jun","Lloyd",0.6523,0.6279,0.6523,14,"1998-06-14",165
"1998",6,"6","Jun","scrub",0.4117,0.3958,0.4117,14,"1998-06-14",165
"1998",7,"7","Jul","broadleaf",0.7012,0.6485,0.7012,14,"1998-07-14",195
"1998",7,"7","Jul","Lloyd",0.6226,0.6148,0.6226,14,"1998-07-14",195
"1998",7,"7","Jul","scrub",0.4635,0.4694,0.4694,14,"1998-07-14",195
"1998",8,"8","Aug","broadleaf",0.6827,0.6393,0.6827,14,"1998-08-14",226
"1998",8,"8","Aug","Lloyd",0.6427,0.6122,0.6427,14,"1998-08-14",226
"1998",8,"8","Aug","scrub",0.4635,0.4306,0.4635,14,"1998-08-14",226
"1998",9,"9","Sep","broadleaf",0.7123,0.8261,0.8261,14,"1998-09-14",257
"1998",9,"9","Sep","Lloyd",0.6806,0.6919,0.6919,14,"1998-09-14",257
"1998",9,"9","Sep","scrub",0.5491,0.5759,0.5759,14,"1998-09-14",257
"1998",10,"10","Oct","broadleaf",0.8428,0.6985,0.8428,14,"1998-10-14",287
"1998",10,"10","Oct","Lloyd",0.7059,0.6252,0.7059,14,"1998-10-14",287
"1998",10,"10","Oct","scrub",0.5779,0.5015,0.5779,14,"1998-10-14",287
"1998",11,"11","Nov","broadleaf",0.7364,0.816,0.816,14,"1998-11-14",318
"1998",11,"11","Nov","Lloyd",0.6126,0.6889,0.6889,14,"1998-11-14",318
"1998",11,"11","Nov","scrub",0.4665,0.5013,0.5013,14,"1998-11-14",318
"1998",12,"12","Dec","broadleaf",0.7364,0.8234,0.8234,14,"1998-12-14",348
"1998",12,"12","Dec","Lloyd",0.6327,0.7185,0.7185,14,"1998-12-14",348
"1998",12,"12","Dec","scrub",0.4545,0.4515,0.4545,14,"1998-12-14",348
"1999",1,"1","Jan","broadleaf",0.7382,0.6837,0.7382,14,"1999-01-14",14
"1999",1,"1","Jan","Lloyd",0.7167,0.6623,0.7167,14,"1999-01-14",14
"1999",1,"1","Jan","scrub",0.3719,0.4207,0.4207,14,"1999-01-14",14
"1999",2,"2","Feb","broadleaf",0.5023,0.3497,0.5023,14,"1999-02-14",45
"1999",2,"2","Feb","Lloyd",0.6427,0.6344,0.6427,14,"1999-02-14",45
"1999",2,"2","Feb","scrub",0.345,0.3092,0.345,14,"1999-02-14",45
"1999",3,"3","Mar","broadleaf",0.5884,0.6015,0.6015,14,"1999-03-14",73
"1999",3,"3","Mar","Lloyd",0.5943,0.5294,0.5943,14,"1999-03-14",73
"1999",3,"3","Mar","scrub",0.3938,0.3769,0.3938,14,"1999-03-14",73
"1999",4,"4","Apr","broadleaf",0.7419,0.7281,0.7419,14,"1999-04-14",104
"1999",4,"4","Apr","Lloyd",0.6793,0.644,0.6793,14,"1999-04-14",104
"1999",4,"4","Apr","scrub",0.4585,0.4396,0.4585,14,"1999-04-14",104
"1999",5,"5","May","broadleaf",0.5849,0.5541,0.5849,14,"1999-05-14",134
"1999",5,"5","May","Lloyd",0.5691,0.5956,0.5956,14,"1999-05-14",134
"1999",5,"5","May","scrub",0.3132,0.347,0.347,14,"1999-05-14",134
"1999",6,"6","Jun","broadleaf",0.4394,0.5747,0.5747,14,"1999-06-14",165
"1999",6,"6","Jun","Lloyd",0.5647,0.6008,0.6008,14,"1999-06-14",165
"1999",6,"6","Jun","scrub",0.3022,0.2784,0.3022,14,"1999-06-14",165
"1999",7,"7","Jul","broadleaf",0.7096,0.6282,0.7096,14,"1999-07-14",195
"1999",7,"7","Jul","Lloyd",0.6784,0.5934,0.6784,14,"1999-07-14",195
"1999",7,"7","Jul","scrub",0.4575,0.4207,0.4575,14,"1999-07-14",195
"1999",8,"8","Aug","broadleaf",0.6781,0.7901,0.7901,14,"1999-08-14",226
"1999",8,"8","Aug","Lloyd",0.6566,0.6954,0.6954,14,"1999-08-14",226
"1999",8,"8","Aug","scrub",0.4615,0.5859,0.5859,14,"1999-08-14",226
"1999",9,"9","Sep","broadleaf",0.6633,0.7088,0.7088,14,"1999-09-14",257
"1999",9,"9","Sep","Lloyd",0.6575,0.6714,0.6714,14,"1999-09-14",257
"1999",9,"9","Sep","scrub",0.5023,0.562,0.562,14,"1999-09-14",257
"1999",10,"10","Oct","broadleaf",0.8187,0.7671,0.8187,14,"1999-10-14",287
"1999",10,"10","Oct","Lloyd",0.7037,0.5364,0.7037,14,"1999-10-14",287
"1999",10,"10","Oct","scrub",0.5481,0.5005,0.5481,14,"1999-10-14",287
"1999",11,"11","Nov","broadleaf",0.7558,0.7614,0.7614,14,"1999-11-14",318
"1999",11,"11","Nov","Lloyd",0.5904,0.6483,0.6483,14,"1999-11-14",318
"1999",11,"11","Nov","scrub",0.4896,0.4983,0.4983,14,"1999-11-14",318
"1999",12,"12","Dec","broadleaf",0.8224,0.717,0.8224,14,"1999-12-14",348
"1999",12,"12","Dec","Lloyd",0.681,0.5738,0.681,14,"1999-12-14",348
"1999",12,"12","Dec","scrub",0.5421,0.5353,0.5421,14,"1999-12-14",348
"2000",1,"1","Jan","broadleaf",0.6931,0.7509,0.7509,14,"2000-01-14",14
"2000",1,"1","Jan","Lloyd",0.6153,0.6632,0.6632,14,"2000-01-14",14
"2000",1,"1","Jan","scrub",0.4509,0.4631,0.4631,14,"2000-01-14",14
"2000",2,"2","Feb","broadleaf",0.7105,0.6543,0.7105,14,"2000-02-14",45
"2000",2,"2","Feb","Lloyd",0.6765,0.6933,0.6933,14,"2000-02-14",45
"2000",2,"2","Feb","scrub",0.4314,0.3791,0.4314,14,"2000-02-14",45
"2000",3,"3","Mar","broadleaf",0.6074,0.5975,0.6074,14,"2000-03-14",74
"2000",3,"3","Mar","Lloyd",0.6664,0.6213,0.6664,14,"2000-03-14",74
"2000",3,"3","Mar","scrub",0.3516,0.3291,0.3516,14,"2000-03-14",74
"2000",4,"4","Apr","broadleaf",0.5849,0.6164,0.6164,14,"2000-04-14",105
"2000",4,"4","Apr","Lloyd",0.6305,0.612,0.6305,14,"2000-04-14",105
"2000",4,"4","Apr","scrub",0.3453,0.3253,0.3453,14,"2000-04-14",105
"2000",5,"5","May","broadleaf",0.6853,0.8455,0.8455,14,"2000-05-14",135
"2000",5,"5","May","Lloyd",0.5833,0.6516,0.6516,14,"2000-05-14",135
"2000",5,"5","May","scrub",0.3699,0.5624,0.5624,14,"2000-05-14",135
"2000",6,"6","Jun","broadleaf",0.7645,0.6999,0.7645,14,"2000-06-14",166
"2000",6,"6","Jun","Lloyd",0.668,0.6016,0.668,14,"2000-06-14",166
"2000",6,"6","Jun","scrub",0.545,0.4842,0.545,14,"2000-06-14",166
"2000",7,"7","Jul","broadleaf",0.7526,0.6825,0.7526,14,"2000-07-14",196
"2000",7,"7","Jul","Lloyd",0.6339,0.6691,0.6691,14,"2000-07-14",196
"2000",7,"7","Jul","scrub",0.4719,0.446,0.4719,14,"2000-07-14",196
"2000",8,"8","Aug","broadleaf",0.6874,0.6631,0.6874,14,"2000-08-14",227
"2000",8,"8","Aug","Lloyd",0.6293,0.6353,0.6353,14,"2000-08-14",227
"2000",8,"8","Aug","scrub",0.4335,0.4098,0.4335,14,"2000-08-14",227
"2000",9,"9","Sep","broadleaf",0.5948,0.5749,0.5948,14,"2000-09-14",258
"2000",9,"9","Sep","Lloyd",0.5627,0.6121,0.6121,14,"2000-09-14",258
"2000",9,"9","Sep","scrub",0.3902,0.4429,0.4429,14,"2000-09-14",258
"2000",10,"10","Oct","broadleaf",0.617,0.6771,0.6771,14,"2000-10-14",288
"2000",10,"10","Oct","Lloyd",0.6471,0.5804,0.6471,14,"2000-10-14",288
"2000",10,"10","Oct","scrub",0.3929,0.4217,0.4217,14,"2000-10-14",288
"2000",11,"11","Nov","broadleaf",0.6962,0.7327,0.7327,14,"2000-11-14",319
"2000",11,"11","Nov","Lloyd",0.6253,0.6764,0.6764,14,"2000-11-14",319
"2000",11,"11","Nov","scrub",0.4596,0.4866,0.4866,14,"2000-11-14",319
"2000",12,"12","Dec","broadleaf",0.8335,0.791,0.8335,14,"2000-12-14",349
"2000",12,"12","Dec","Lloyd",0.6858,0.6686,0.6858,14,"2000-12-14",349
"2000",12,"12","Dec","scrub",0.5378,0.4904,0.5378,14,"2000-12-14",349
"2001",1,"1","Jan","broadleaf",0.6892,0.7753,0.7753,14,"2001-01-14",14
"2001",1,"1","Jan","Lloyd",0.6066,0.6679,0.6679,14,"2001-01-14",14
"2001",1,"1","Jan","scrub",0.4336,0.4565,0.4565,14,"2001-01-14",14
"2001",2,"2","Feb","broadleaf",0.6911,0.6365,0.6911,14,"2001-02-14",45
"2001",2,"2","Feb","Lloyd",0.6819,0.6984,0.6984,14,"2001-02-14",45
"2001",2,"2","Feb","scrub",0.4207,0.3669,0.4207,14,"2001-02-14",45
"2001",3,"3","Mar","broadleaf",0.568,0.5634,0.568,14,"2001-03-14",73
"2001",3,"3","Mar","Lloyd",0.6919,0.6483,0.6919,14,"2001-03-14",73
"2001",3,"3","Mar","scrub",0.3271,0.3202,0.3271,14,"2001-03-14",73
"2001",4,"4","Apr","broadleaf",0.5088,0.5784,0.5784,14,"2001-04-14",104
"2001",4,"4","Apr","Lloyd",0.6331,0.6091,0.6331,14,"2001-04-14",104
"2001",4,"4","Apr","scrub",0.3172,0.3092,0.3172,14,"2001-04-14",104
"2001",5,"5","May","broadleaf",0.707,0.8807,0.8807,14,"2001-05-14",134
"2001",5,"5","May","Lloyd",0.5848,0.6431,0.6431,14,"2001-05-14",134
"2001",5,"5","May","scrub",0.3699,0.5899,0.5899,14,"2001-05-14",134
"2001",6,"6","Jun","broadleaf",0.7928,0.6994,0.7928,14,"2001-06-14",165
"2001",6,"6","Jun","Lloyd",0.674,0.586,0.674,14,"2001-06-14",165
"2001",6,"6","Jun","scrub",0.5949,0.5003,0.5949,14,"2001-06-14",165
"2001",7,"7","Jul","broadleaf",0.7706,0.6753,0.7706,14,"2001-07-14",195
"2001",7,"7","Jul","Lloyd",0.6274,0.674,0.674,14,"2001-07-14",195
"2001",7,"7","Jul","scrub",0.4704,0.4535,0.4704,14,"2001-07-14",195
"2001",8,"8","Aug","broadleaf",0.7151,0.6642,0.7151,14,"2001-08-14",226
"2001",8,"8","Aug","Lloyd",0.6252,0.6366,0.6366,14,"2001-08-14",226
"2001",8,"8","Aug","scrub",0.4505,0.3799,0.4505,14,"2001-08-14",226
"2001",9,"9","Sep","broadleaf",0.6709,0.6559,0.6709,14,"2001-09-14",257
"2001",9,"9","Sep","Lloyd",0.5725,0.6401,0.6401,14,"2001-09-14",257
"2001",9,"9","Sep","scrub",0.4257,0.4993,0.4993,14,"2001-09-14",257
"2001",10,"10","Oct","broadleaf",0.5865,0.6885,0.6885,14,"2001-10-14",287
"2001",10,"10","Oct","Lloyd",0.688,0.6083,0.688,14,"2001-10-14",287
"2001",10,"10","Oct","scrub",0.4177,0.4396,0.4396,14,"2001-10-14",287
"2001",11,"11","Nov","broadleaf",0.6774,0.7105,0.7105,14,"2001-11-14",318
"2001",11,"11","Nov","Lloyd",0.6079,0.6618,0.6618,14,"2001-11-14",318
"2001",11,"11","Nov","scrub",0.4468,0.4973,0.4973,14,"2001-11-14",318
"2001",12,"12","Dec","broadleaf",0.8382,0.7938,0.8382,14,"2001-12-14",348
"2001",12,"12","Dec","Lloyd",0.6723,0.6666,0.6723,14,"2001-12-14",348
"2001",12,"12","Dec","scrub",0.5351,0.4844,0.5351,14,"2001-12-14",348
"2002",1,"1","Jan","broadleaf",0.7447,0.7799,0.7799,14,"2002-01-14",14
"2002",1,"1","Jan","Lloyd",0.6623,0.6832,0.6832,14,"2002-01-14",14
"2002",1,"1","Jan","scrub",0.4296,0.4495,0.4495,14,"2002-01-14",14
"2002",2,"2","Feb","broadleaf",0.6837,0.6531,0.6837,14,"2002-02-14",45
"2002",2,"2","Feb","Lloyd",0.6658,0.6527,0.6658,14,"2002-02-14",45
"2002",2,"2","Feb","scrub",0.3858,0.358,0.3858,14,"2002-02-14",45
"2002",3,"3","Mar","broadleaf",0.6013,0.5736,0.6013,14,"2002-03-14",73
"2002",3,"3","Mar","Lloyd",0.6575,0.6392,0.6575,14,"2002-03-14",73
"2002",3,"3","Mar","scrub",0.3391,0.3092,0.3391,14,"2002-03-14",73
"2002",4,"4","Apr","broadleaf",0.5819,0.7253,0.7253,14,"2002-04-14",104
"2002",4,"4","Apr","Lloyd",0.6714,0.5834,0.6714,14,"2002-04-14",104
"2002",4,"4","Apr","scrub",0.3172,0.3719,0.3719,14,"2002-04-14",104
"2002",5,"5","May","broadleaf",0.779,0.6605,0.779,14,"2002-05-14",134
"2002",5,"5","May","Lloyd",0.6327,0.6191,0.6327,14,"2002-05-14",134
"2002",5,"5","May","scrub",0.4485,0.4386,0.4485,14,"2002-05-14",134
"2002",6,"6","Jun","broadleaf",0.877,0.8039,0.877,14,"2002-06-14",165
"2002",6,"6","Jun","Lloyd",0.6588,0.6645,0.6645,14,"2002-06-14",165
"2002",6,"6","Jun","scrub",0.5262,0.562,0.562,14,"2002-06-14",165
"2002",7,"7","Jul","broadleaf",0.8132,0.7262,0.8132,14,"2002-07-14",195
"2002",7,"7","Jul","Lloyd",0.6754,0.6649,0.6754,14,"2002-07-14",195
"2002",7,"7","Jul","scrub",0.5212,0.4495,0.5212,14,"2002-07-14",195
"2002",8,"8","Aug","broadleaf",0.754,0.6718,0.754,14,"2002-08-14",226
"2002",8,"8","Aug","Lloyd",0.6209,0.5987,0.6209,14,"2002-08-14",226
"2002",8,"8","Aug","scrub",0.4197,0.3928,0.4197,14,"2002-08-14",226
"2002",9,"9","Sep","broadleaf",0.6929,0.6541,0.6929,14,"2002-09-14",257
"2002",9,"9","Sep","Lloyd",0.6492,0.5821,0.6492,14,"2002-09-14",257
"2002",9,"9","Sep","scrub",0.3809,0.3729,0.3809,14,"2002-09-14",257
"2002",10,"10","Oct","broadleaf",0.7521,0.8798,0.8798,14,"2002-10-14",287
"2002",10,"10","Oct","Lloyd",0.566,0.6841,0.6841,14,"2002-10-14",287
"2002",10,"10","Oct","scrub",0.5282,0.5511,0.5511,14,"2002-10-14",287
"2002",11,"11","Nov","broadleaf",0.8113,0.7669,0.8113,14,"2002-11-14",318
"2002",11,"11","Nov","Lloyd",0.6679,0.6697,0.6697,14,"2002-11-14",318
"2002",11,"11","Nov","scrub",0.5073,0.4714,0.5073,14,"2002-11-14",318
"2002",12,"12","Dec","broadleaf",0.7901,0.6809,0.7901,14,"2002-12-14",348
"2002",12,"12","Dec","Lloyd",0.6915,0.6444,0.6915,14,"2002-12-14",348
"2002",12,"12","Dec","scrub",0.4555,0.4197,0.4555,14,"2002-12-14",348
"2003",1,"1","Jan","broadleaf",0.6319,0.694,0.694,14,"2003-01-14",14
"2003",1,"1","Jan","Lloyd",0.6183,0.6693,0.6693,14,"2003-01-14",14
"2003",1,"1","Jan","scrub",0.4137,0.4008,0.4137,14,"2003-01-14",14
"2003",2,"2","Feb","broadleaf",0.6753,0.5578,0.6753,14,"2003-02-14",45
"2003",2,"2","Feb","Lloyd",0.6884,0.6453,0.6884,14,"2003-02-14",45
"2003",2,"2","Feb","scrub",0.3769,0.3072,0.3769,14,"2003-02-14",45
"2003",3,"3","Mar","broadleaf",0.6707,0.4857,0.6707,14,"2003-03-14",73
"2003",3,"3","Mar","Lloyd",0.6893,0.5791,0.6893,14,"2003-03-14",73
"2003",3,"3","Mar","scrub",0.3301,0.2704,0.3301,14,"2003-03-14",73
"2003",4,"4","Apr","broadleaf",0.6605,0.6966,0.6966,14,"2003-04-14",104
"2003",4,"4","Apr","Lloyd",0.6435,0.5674,0.6435,14,"2003-04-14",104
"2003",4,"4","Apr","scrub",0.3849,0.3819,0.3849,14,"2003-04-14",104
"2003",5,"5","May","broadleaf",0.803,0.667,0.803,14,"2003-05-14",134
"2003",5,"5","May","Lloyd",0.6327,0.5991,0.6327,14,"2003-05-14",134
"2003",5,"5","May","scrub",0.4306,0.3998,0.4306,14,"2003-05-14",134
"2003",6,"6","Jun","broadleaf",0.7457,0.7697,0.7697,14,"2003-06-14",165
"2003",6,"6","Jun","Lloyd",0.6096,0.6091,0.6096,14,"2003-06-14",165
"2003",6,"6","Jun","scrub",0.4515,0.4864,0.4864,14,"2003-06-14",165
"2003",7,"7","Jul","broadleaf",0.704,0.7142,0.7142,14,"2003-07-14",195
"2003",7,"7","Jul","Lloyd",0.674,0.6793,0.6793,14,"2003-07-14",195
"2003",7,"7","Jul","scrub",0.4933,0.5302,0.5302,14,"2003-07-14",195
"2003",8,"8","Aug","broadleaf",0.6559,0.7068,0.7068,14,"2003-08-14",226
"2003",8,"8","Aug","Lloyd",0.6209,0.6801,0.6801,14,"2003-08-14",226
"2003",8,"8","Aug","scrub",0.4167,0.4087,0.4167,14,"2003-08-14",226
"2003",9,"9","Sep","broadleaf",0.6938,0.6561,0.6938,14,"2003-09-14",257
"2003",9,"9","Sep","Lloyd",0.6479,0.5526,0.6479,14,"2003-09-14",257
"2003",9,"9","Sep","scrub",0.5521,0.5202,0.5521,14,"2003-09-14",257
"2003",10,"10","Oct","broadleaf",0.6171,0.7679,0.7679,14,"2003-10-14",287
"2003",10,"10","Oct","Lloyd",0.55,0.5683,0.5683,14,"2003-10-14",287
"2003",10,"10","Oct","scrub",0.4764,0.4963,0.4963,14,"2003-10-14",287
"2003",11,"11","Nov","broadleaf",0.7919,0.8187,0.8187,14,"2003-11-14",318
"2003",11,"11","Nov","Lloyd",0.6091,0.6549,0.6549,14,"2003-11-14",318
"2003",11,"11","Nov","scrub",0.563,0.573,0.573,14,"2003-11-14",318
"2003",12,"12","Dec","broadleaf",0.816,0.7928,0.816,14,"2003-12-14",348
"2003",12,"12","Dec","Lloyd",0.6858,0.7102,0.7102,14,"2003-12-14",348
"2003",12,"12","Dec","scrub",0.564,0.556,0.564,14,"2003-12-14",348
"2004",1,"1","Jan","broadleaf",0.7281,0.7939,0.7939,14,"2004-01-14",14
"2004",1,"1","Jan","Lloyd",0.6897,0.7072,0.7072,14,"2004-01-14",14
"2004",1,"1","Jan","scrub",0.5103,0.4665,0.5103,14,"2004-01-14",14
"2004",2,"2","Feb","broadleaf",0.7253,0.6848,0.7253,14,"2004-02-14",45
"2004",2,"2","Feb","Lloyd",0.678,0.6518,0.678,14,"2004-02-14",45
"2004",2,"2","Feb","scrub",0.4565,0.3868,0.4565,14,"2004-02-14",45
"2004",3,"3","Mar","broadleaf",0.6837,0.6171,0.6837,14,"2004-03-14",74
"2004",3,"3","Mar","Lloyd",0.688,0.6113,0.688,14,"2004-03-14",74
"2004",3,"3","Mar","scrub",0.4376,0.347,0.4376,14,"2004-03-14",74
"2004",4,"4","Apr","broadleaf",0.6367,0.6996,0.6996,14,"2004-04-14",105
"2004",4,"4","Apr","Lloyd",0.6505,0.634,0.6505,14,"2004-04-14",105
"2004",4,"4","Apr","scrub",0.3849,0.361,0.3849,14,"2004-04-14",105
"2004",5,"5","May","broadleaf",0.6707,0.7338,0.7338,14,"2004-05-14",135
"2004",5,"5","May","Lloyd",0.593,0.6627,0.6627,14,"2004-05-14",135
"2004",5,"5","May","scrub",0.4744,0.4217,0.4744,14,"2004-05-14",135
"2004",6,"6","Jun","broadleaf",0.7088,0.6894,0.7088,14,"2004-06-14",166
"2004",6,"6","Jun","Lloyd",0.6284,0.6075,0.6284,14,"2004-06-14",166
"2004",6,"6","Jun","scrub",0.4008,0.4276,0.4276,14,"2004-06-14",166
"2004",7,NA,NA,"broadleaf",NA,NA,NA,14,"2004-07-14",196
"2004",7,NA,NA,"Lloyd",NA,NA,NA,14,"2004-07-14",196
"2004",7,NA,NA,"scrub",NA,NA,NA,14,"2004-07-14",196
"2004",8,NA,NA,"broadleaf",NA,NA,NA,14,"2004-08-14",227
"2004",8,NA,NA,"Lloyd",NA,NA,NA,14,"2004-08-14",227
"2004",8,NA,NA,"scrub",NA,NA,NA,14,"2004-08-14",227
"2004",9,NA,NA,"broadleaf",NA,NA,NA,14,"2004-09-14",258
"2004",9,NA,NA,"Lloyd",NA,NA,NA,14,"2004-09-14",258
"2004",9,NA,NA,"scrub",NA,NA,NA,14,"2004-09-14",258
"2004",10,NA,NA,"broadleaf",NA,NA,NA,14,"2004-10-14",288
"2004",10,NA,NA,"Lloyd",NA,NA,NA,14,"2004-10-14",288
"2004",10,NA,NA,"scrub",NA,NA,NA,14,"2004-10-14",288
"2004",11,NA,NA,"broadleaf",NA,NA,NA,14,"2004-11-14",319
"2004",11,NA,NA,"Lloyd",NA,NA,NA,14,"2004-11-14",319
"2004",11,NA,NA,"scrub",NA,NA,NA,14,"2004-11-14",319
"2004",12,NA,NA,"broadleaf",NA,NA,NA,14,"2004-12-14",349
"2004",12,NA,NA,"Lloyd",NA,NA,NA,14,"2004-12-14",349
"2004",12,NA,NA,"scrub",NA,NA,NA,14,"2004-12-14",349
"2005",1,"1","Jan","broadleaf",0.7514,0.7153,0.7514,14,"2005-01-14",14
"2005",1,"1","Jan","Lloyd",0.6636,0.6231,0.6636,14,"2005-01-14",14
"2005",1,"1","Jan","scrub",0.4923,0.4605,0.4923,14,"2005-01-14",14
"2005",2,"2","Feb","broadleaf",0.6561,0.6533,0.6561,14,"2005-02-14",45
"2005",2,"2","Feb","Lloyd",0.6309,0.6331,0.6331,14,"2005-02-14",45
"2005",2,"2","Feb","scrub",0.4607,0.4157,0.4607,14,"2005-02-14",45
"2005",3,"3","Mar","broadleaf",0.6533,0.6219,0.6533,14,"2005-03-14",73
"2005",3,"3","Mar","Lloyd",0.6374,0.6157,0.6374,14,"2005-03-14",73
"2005",3,"3","Mar","scrub",0.398,0.3691,0.398,14,"2005-03-14",73
"2005",4,"4","Apr","broadleaf",0.6293,0.6653,0.6653,14,"2005-04-14",104
"2005",4,"4","Apr","Lloyd",0.6184,0.6588,0.6588,14,"2005-04-14",104
"2005",4,"4","Apr","scrub",0.3731,0.398,0.398,14,"2005-04-14",104
"2005",5,"5","May","broadleaf",0.6929,0.7338,0.7338,14,"2005-05-14",134
"2005",5,"5","May","Lloyd",0.6191,0.5735,0.6191,14,"2005-05-14",134
"2005",5,"5","May","scrub",0.4356,0.4507,0.4507,14,"2005-05-14",134
"2005",6,"6","Jun","broadleaf",0.7105,0.8224,0.8224,14,"2005-06-14",165
"2005",6,"6","Jun","Lloyd",0.6379,0.6388,0.6388,14,"2005-06-14",165
"2005",6,"6","Jun","scrub",0.4943,0.565,0.565,14,"2005-06-14",165
"2005",7,"7","Jul","broadleaf",0.7799,0.7503,0.7799,14,"2005-07-14",195
"2005",7,"7","Jul","Lloyd",0.6122,0.6366,0.6366,14,"2005-07-14",195
"2005",7,"7","Jul","scrub",0.5212,0.4476,0.5212,14,"2005-07-14",195
"2005",8,"8","Aug","broadleaf",0.7188,0.694,0.7188,14,"2005-08-14",226
"2005",8,"8","Aug","Lloyd",0.671,0.5974,0.671,14,"2005-08-14",226
"2005",8,"8","Aug","scrub",0.5471,0.4794,0.5471,14,"2005-08-14",226
"2005",9,"9","Sep","broadleaf",0.6531,0.7181,0.7181,14,"2005-09-14",257
"2005",9,"9","Sep","Lloyd",0.6871,0.708,0.708,14,"2005-09-14",257
"2005",9,"9","Sep","scrub",0.3928,0.4884,0.4884,14,"2005-09-14",257
"2005",10,"10","Oct","broadleaf",0.8134,0.8319,0.8319,14,"2005-10-14",287
"2005",10,"10","Oct","Lloyd",0.5343,0.5822,0.5822,14,"2005-10-14",287
"2005",10,"10","Oct","scrub",0.4834,0.5351,0.5351,14,"2005-10-14",287
"2005",11,"11","Nov","broadleaf",0.8298,0.8569,0.8569,14,"2005-11-14",318
"2005",11,"11","Nov","Lloyd",0.6889,0.6984,0.6984,14,"2005-11-14",318
"2005",11,"11","Nov","scrub",0.6187,0.5582,0.6187,14,"2005-11-14",318
"2005",12,"12","Dec","broadleaf",0.8039,0.8198,0.8198,14,"2005-12-14",348
"2005",12,"12","Dec","Lloyd",0.7215,0.7032,0.7215,14,"2005-12-14",348
"2005",12,"12","Dec","scrub",0.5322,0.5242,0.5322,14,"2005-12-14",348
"2006",1,"1","Jan","broadleaf",0.6986,0.6721,0.6986,14,"2006-01-14",14
"2006",1,"1","Jan","Lloyd",0.6775,0.6807,0.6807,14,"2006-01-14",14
"2006",1,"1","Jan","scrub",0.5095,0.4512,0.5095,14,"2006-01-14",14
"2006",2,"2","Feb","broadleaf",0.6695,0.702,0.702,14,"2006-02-14",45
"2006",2,"2","Feb","Lloyd",0.6682,0.6654,0.6682,14,"2006-02-14",45
"2006",2,"2","Feb","scrub",0.483,0.4717,0.483,14,"2006-02-14",45
"2006",3,"3","Mar","broadleaf",0.696,0.6815,0.696,14,"2006-03-14",73
"2006",3,"3","Mar","Lloyd",0.6397,0.6246,0.6397,14,"2006-03-14",73
"2006",3,"3","Mar","scrub",0.4787,0.4375,0.4787,14,"2006-03-14",73
"2006",4,"4","Apr","broadleaf",0.7337,0.737,0.737,14,"2006-04-14",104
"2006",4,"4","Apr","Lloyd",0.6175,0.5988,0.6175,14,"2006-04-14",104
"2006",4,"4","Apr","scrub",0.3802,0.4863,0.4863,14,"2006-04-14",104
"2006",5,"5","May","broadleaf",0.6925,0.7883,0.7883,14,"2006-05-14",134
"2006",5,"5","May","Lloyd",0.5973,0.6264,0.6264,14,"2006-05-14",134
"2006",5,"5","May","scrub",0.523,0.5444,0.5444,14,"2006-05-14",134
"2006",6,"6","Jun","broadleaf",0.7149,0.7524,0.7524,14,"2006-06-14",165
"2006",6,"6","Jun","Lloyd",0.6242,0.6515,0.6515,14,"2006-06-14",165
"2006",6,"6","Jun","scrub",0.5359,0.5923,0.5923,14,"2006-06-14",165
"2006",7,"7","Jul","broadleaf",0.6873,0.7079,0.7079,14,"2006-07-14",195
"2006",7,"7","Jul","Lloyd",0.6581,0.7126,0.7126,14,"2006-07-14",195
"2006",7,"7","Jul","scrub",0.5898,0.4897,0.5898,14,"2006-07-14",195
"2006",8,"8","Aug","broadleaf",0.6385,0.6438,0.6438,14,"2006-08-14",226
"2006",8,"8","Aug","Lloyd",0.6935,0.6768,0.6935,14,"2006-08-14",226
"2006",8,"8","Aug","scrub",0.4495,0.4409,0.4495,14,"2006-08-14",226
"2006",9,"9","Sep","broadleaf",0.7464,0.8148,0.8148,14,"2006-09-14",257
"2006",9,"9","Sep","Lloyd",0.6237,0.6242,0.6242,14,"2006-09-14",257
"2006",9,"9","Sep","scrub",0.494,0.612,0.612,14,"2006-09-14",257
"2006",10,"10","Oct","broadleaf",0.7815,0.7592,0.7815,14,"2006-10-14",287
"2006",10,"10","Oct","Lloyd",0.6444,0.6682,0.6682,14,"2006-10-14",287
"2006",10,"10","Oct","scrub",0.5521,0.5258,0.5521,14,"2006-10-14",287
"2006",11,"11","Nov","broadleaf",0.7934,0.8251,0.8251,14,"2006-11-14",318
"2006",11,"11","Nov","Lloyd",0.7189,0.6604,0.7189,14,"2006-11-14",318
"2006",11,"11","Nov","scrub",0.6077,0.594,0.6077,14,"2006-11-14",318
"2006",12,"12","Dec","broadleaf",0.8593,0.8234,0.8593,14,"2006-12-14",348
"2006",12,"12","Dec","Lloyd",0.7044,0.6982,0.7044,14,"2006-12-14",348
"2006",12,"12","Dec","scrub",0.5881,0.553,0.5881,14,"2006-12-14",348
"2007",1,"1","Jan","broadleaf",0.8174,0.7619,0.8174,14,"2007-01-14",14
"2007",1,"1","Jan","Lloyd",0.7021,0.7095,0.7095,14,"2007-01-14",14
"2007",1,"1","Jan","scrub",0.5384,0.5008,0.5384,14,"2007-01-14",14
"2007",2,"2","Feb","broadleaf",0.7277,0.6839,0.7277,14,"2007-02-14",45
"2007",2,"2","Feb","Lloyd",0.6904,0.6935,0.6935,14,"2007-02-14",45
"2007",2,"2","Feb","scrub",0.4777,0.4555,0.4777,14,"2007-02-14",45
"2007",3,"3","Mar","broadleaf",0.6984,0.6822,0.6984,14,"2007-03-14",73
"2007",3,"3","Mar","Lloyd",0.706,0.669,0.706,14,"2007-03-14",73
"2007",3,"3","Mar","scrub",0.4572,0.4539,0.4572,14,"2007-03-14",73
"2007",4,"4","Apr","broadleaf",0.8474,0.7036,0.8474,14,"2007-04-14",104
"2007",4,"4","Apr","Lloyd",0.6498,0.6752,0.6752,14,"2007-04-14",104
"2007",4,"4","Apr","scrub",0.4805,0.4734,0.4805,14,"2007-04-14",104
"2007",5,"5","May","broadleaf",0.7652,0.7181,0.7652,14,"2007-05-14",134
"2007",5,"5","May","Lloyd",0.6748,0.6736,0.6748,14,"2007-05-14",134
"2007",5,"5","May","scrub",0.4743,0.4101,0.4743,14,"2007-05-14",134
"2007",6,"6","Jun","broadleaf",0.7234,0.7686,0.7686,14,"2007-06-14",165
"2007",6,"6","Jun","Lloyd",0.6468,0.6912,0.6912,14,"2007-06-14",165
"2007",6,"6","Jun","scrub",0.3845,0.3905,0.3905,14,"2007-06-14",165
"2007",7,"7","Jul","broadleaf",0.5848,0.6575,0.6575,14,"2007-07-14",195
"2007",7,"7","Jul","Lloyd",0.6545,0.6873,0.6873,14,"2007-07-14",195
"2007",7,"7","Jul","scrub",0.3528,0.3648,0.3648,14,"2007-07-14",195
"2007",8,"8","Aug","broadleaf",0.6548,0.7806,0.7806,14,"2007-08-14",226
"2007",8,"8","Aug","Lloyd",0.6495,0.6931,0.6931,14,"2007-08-14",226
"2007",8,"8","Aug","scrub",0.3315,0.4692,0.4692,14,"2007-08-14",226
"2007",9,"9","Sep","broadleaf",0.6685,0.677,0.677,14,"2007-09-14",257
"2007",9,"9","Sep","Lloyd",0.6558,0.6951,0.6951,14,"2007-09-14",257
"2007",9,"9","Sep","scrub",0.4777,0.4486,0.4777,14,"2007-09-14",257
"2007",10,"10","Oct","broadleaf",0.7558,0.7601,0.7601,14,"2007-10-14",287
"2007",10,"10","Oct","Lloyd",0.6441,0.6354,0.6441,14,"2007-10-14",287
"2007",10,"10","Oct","scrub",0.5556,0.5692,0.5692,14,"2007-10-14",287
"2007",11,"11","Nov","broadleaf",0.7823,0.7994,0.7994,14,"2007-11-14",318
"2007",11,"11","Nov","Lloyd",0.6678,0.6947,0.6947,14,"2007-11-14",318
"2007",11,"11","Nov","scrub",0.5831,0.5727,0.5831,14,"2007-11-14",318
"2007",12,"12","Dec","broadleaf",0.7866,0.796,0.796,14,"2007-12-14",348
"2007",12,"12","Dec","Lloyd",0.7064,0.7228,0.7228,14,"2007-12-14",348
"2007",12,"12","Dec","scrub",0.5804,0.5863,0.5863,14,"2007-12-14",348
"2008",1,"1","Jan","broadleaf",0.7815,0.7387,0.7815,14,"2008-01-14",14
"2008",1,"1","Jan","Lloyd",0.7177,0.6709,0.7177,14,"2008-01-14",14
"2008",1,"1","Jan","scrub",0.5615,0.5393,0.5615,14,"2008-01-14",14
"2008",2,"2","Feb","broadleaf",0.7258,0.7132,0.7258,14,"2008-02-14",45
"2008",2,"2","Feb","Lloyd",0.7134,0.7099,0.7134,14,"2008-02-14",45
"2008",2,"2","Feb","scrub",0.5727,0.4965,0.5727,14,"2008-02-14",45
"2008",3,"3","Mar","broadleaf",0.6651,0.6789,0.6789,14,"2008-03-14",74
"2008",3,"3","Mar","Lloyd",0.7037,0.6916,0.7037,14,"2008-03-14",74
"2008",3,"3","Mar","scrub",0.4717,0.4512,0.4717,14,"2008-03-14",74
"2008",4,"4","Apr","broadleaf",0.6481,0.6139,0.6481,14,"2008-04-14",105
"2008",4,"4","Apr","Lloyd",0.6113,0.5821,0.6113,14,"2008-04-14",105
"2008",4,"4","Apr","scrub",0.4385,0.4471,0.4471,14,"2008-04-14",105
"2008",5,"5","May","broadleaf",0.8054,0.7044,0.8054,14,"2008-05-14",135
"2008",5,"5","May","Lloyd",0.6705,0.6748,0.6748,14,"2008-05-14",135
"2008",5,"5","May","scrub",0.4632,0.5085,0.5085,14,"2008-05-14",135
"2008",6,"6","Jun","broadleaf",0.8465,0.8371,0.8465,14,"2008-06-14",166
"2008",6,"6","Jun","Lloyd",0.6506,0.6947,0.6947,14,"2008-06-14",166
"2008",6,"6","Jun","scrub",0.5181,0.5179,0.5181,14,"2008-06-14",166
"2008",7,"7","Jul","broadleaf",0.6901,0.6942,0.6942,14,"2008-07-14",196
"2008",7,"7","Jul","Lloyd",0.6768,0.6853,0.6853,14,"2008-07-14",196
"2008",7,"7","Jul","scrub",0.4264,0.4307,0.4307,14,"2008-07-14",196
"2008",8,"8","Aug","broadleaf",0.6644,0.6788,0.6788,14,"2008-08-14",227
"2008",8,"8","Aug","Lloyd",0.6974,0.6476,0.6974,14,"2008-08-14",227
"2008",8,"8","Aug","scrub",0.4264,0.4589,0.4589,14,"2008-08-14",227
"2008",9,"9","Sep","broadleaf",0.8208,0.812,0.8208,14,"2008-09-14",258
"2008",9,"9","Sep","Lloyd",0.6654,0.6717,0.6717,14,"2008-09-14",258
"2008",9,"9","Sep","scrub",0.4811,0.6077,0.6077,14,"2008-09-14",258
"2008",10,"10","Oct","broadleaf",0.7994,0.7952,0.7994,14,"2008-10-14",288
"2008",10,"10","Oct","Lloyd",0.7005,0.7247,0.7247,14,"2008-10-14",288
"2008",10,"10","Oct","scrub",0.5547,0.6069,0.6069,14,"2008-10-14",288
"2008",11,"11","Nov","broadleaf",0.8219,0.8063,0.8219,14,"2008-11-14",319
"2008",11,"11","Nov","Lloyd",0.7017,0.7126,0.7126,14,"2008-11-14",319
"2008",11,"11","Nov","scrub",0.5812,0.5718,0.5812,14,"2008-11-14",319
"2008",12,"12","Dec","broadleaf",0.7986,0.8046,0.8046,14,"2008-12-14",349
"2008",12,"12","Dec","Lloyd",0.7033,0.7134,0.7134,14,"2008-12-14",349
"2008",12,"12","Dec","scrub",0.5795,0.5821,0.5821,14,"2008-12-14",349
"2009",1,"1","Jan","broadleaf",0.7108,0.7341,0.7341,14,"2009-01-14",14
"2009",1,"1","Jan","Lloyd",0.7314,0.7094,0.7314,14,"2009-01-14",14
"2009",1,"1","Jan","scrub",0.466,0.468,0.468,14,"2009-01-14",14
"2009",2,"2","Feb","broadleaf",0.742,0.6903,0.742,14,"2009-02-14",45
"2009",2,"2","Feb","Lloyd",0.7279,0.7277,0.7279,14,"2009-02-14",45
"2009",2,"2","Feb","scrub",0.5204,0.5175,0.5204,14,"2009-02-14",45
"2009",3,"3","Mar","broadleaf",0.6405,0.6491,0.6491,14,"2009-03-14",73
"2009",3,"3","Mar","Lloyd",0.6963,0.6469,0.6963,14,"2009-03-14",73
"2009",3,"3","Mar","scrub",0.469,0.4418,0.469,14,"2009-03-14",73
"2009",4,"4","Apr","broadleaf",0.7434,0.6644,0.7434,14,"2009-04-14",104
"2009",4,"4","Apr","Lloyd",0.6955,0.6516,0.6955,14,"2009-04-14",104
"2009",4,"4","Apr","scrub",0.436,0.3651,0.436,14,"2009-04-14",104
"2009",5,"5","May","broadleaf",0.5788,0.5847,0.5847,14,"2009-05-14",134
"2009",5,"5","May","Lloyd",0.6278,0.6634,0.6634,14,"2009-05-14",134
"2009",5,"5","May","scrub",0.3234,0.4136,0.4136,14,"2009-05-14",134
"2009",6,"6","Jun","broadleaf",0.604,0.6,0.604,14,"2009-06-14",165
"2009",6,"6","Jun","Lloyd",0.6472,0.6669,0.6669,14,"2009-06-14",165
"2009",6,"6","Jun","scrub",0.4282,0.4466,0.4466,14,"2009-06-14",165
"2009",7,"7","Jul","broadleaf",0.6186,0.665,0.665,14,"2009-07-14",195
"2009",7,"7","Jul","Lloyd",0.6938,0.7002,0.7002,14,"2009-07-14",195
"2009",7,"7","Jul","scrub",0.4117,0.4544,0.4544,14,"2009-07-14",195
"2009",8,"8","Aug","broadleaf",0.7513,0.707,0.7513,14,"2009-08-14",226
"2009",8,"8","Aug","Lloyd",0.7126,0.6867,0.7126,14,"2009-08-14",226
"2009",8,"8","Aug","scrub",0.4466,0.4321,0.4466,14,"2009-08-14",226
"2009",9,"9","Sep","broadleaf",0.7679,0.7195,0.7679,14,"2009-09-14",257
"2009",9,"9","Sep","Lloyd",0.7249,0.7188,0.7249,14,"2009-09-14",257
"2009",9,"9","Sep","scrub",0.4486,0.4049,0.4486,14,"2009-09-14",257
"2009",10,"10","Oct","broadleaf",0.7063,0.7673,0.7673,14,"2009-10-14",287
"2009",10,"10","Oct","Lloyd",0.716,0.6945,0.716,14,"2009-10-14",287
"2009",10,"10","Oct","scrub",0.4069,0.5049,0.5049,14,"2009-10-14",287
"2009",11,"11","Nov","broadleaf",0.7229,0.7938,0.7938,14,"2009-11-14",318
"2009",11,"11","Nov","Lloyd",0.7022,0.7202,0.7202,14,"2009-11-14",318
"2009",11,"11","Nov","scrub",0.5107,0.5359,0.5359,14,"2009-11-14",318
"2009",12,"12","Dec","broadleaf",0.7666,0.7553,0.7666,14,"2009-12-14",348
"2009",12,"12","Dec","Lloyd",0.7175,0.7074,0.7175,14,"2009-12-14",348
"2009",12,"12","Dec","scrub",0.5359,0.4796,0.5359,14,"2009-12-14",348
"2010",1,"1","Jan","broadleaf",0.7037,0.7427,0.7427,14,"2010-01-14",14
"2010",1,"1","Jan","Lloyd",0.6968,0.7163,0.7163,14,"2010-01-14",14
"2010",1,"1","Jan","scrub",0.4466,0.4913,0.4913,14,"2010-01-14",14
"2010",2,"2","Feb","broadleaf",0.6743,0.6126,0.6743,14,"2010-02-14",45
"2010",2,"2","Feb","Lloyd",0.6167,0.5831,0.6167,14,"2010-02-14",45
"2010",2,"2","Feb","scrub",0.4437,0.4039,0.4437,14,"2010-02-14",45
"2010",3,"3","Mar","broadleaf",0.6146,0.6644,0.6644,14,"2010-03-14",73
"2010",3,"3","Mar","Lloyd",0.6733,0.6813,0.6813,14,"2010-03-14",73
"2010",3,"3","Mar","scrub",0.4001,0.4495,0.4495,14,"2010-03-14",73
"2010",4,"4","Apr","broadleaf",0.7069,0.7646,0.7646,14,"2010-04-14",104
"2010",4,"4","Apr","Lloyd",0.6824,0.6756,0.6824,14,"2010-04-14",104
"2010",4,"4","Apr","scrub",0.4146,0.3768,0.4146,14,"2010-04-14",104
"2010",5,"5","May","broadleaf",0.7719,0.7712,0.7719,14,"2010-05-14",134
"2010",5,"5","May","Lloyd",0.7099,0.7136,0.7136,14,"2010-05-14",134
"2010",5,"5","May","scrub",0.37,0.3709,0.3709,14,"2010-05-14",134
"2010",6,"6","Jun","broadleaf",0.7693,0.7249,0.7693,14,"2010-06-14",165
"2010",6,"6","Jun","Lloyd",0.7146,0.6541,0.7146,14,"2010-06-14",165
"2010",6,"6","Jun","scrub",0.5689,0.4952,0.5689,14,"2010-06-14",165
"2010",7,"7","Jul","broadleaf",0.7746,0.817,0.817,14,"2010-07-14",195
"2010",7,"7","Jul","Lloyd",0.6842,0.7079,0.7079,14,"2010-07-14",195
"2010",7,"7","Jul","scrub",0.5563,0.5815,0.5815,14,"2010-07-14",195
"2010",8,"8","Aug","broadleaf",0.7633,0.7739,0.7739,14,"2010-08-14",226
"2010",8,"8","Aug","Lloyd",0.6906,0.6864,0.6906,14,"2010-08-14",226
"2010",8,"8","Aug","scrub",0.5543,0.5689,0.5689,14,"2010-08-14",226
"2010",9,"9","Sep","broadleaf",0.7892,0.7786,0.7892,14,"2010-09-14",257
"2010",9,"9","Sep","Lloyd",0.6818,0.7062,0.7062,14,"2010-09-14",257
"2010",9,"9","Sep","scrub",0.5573,0.5243,0.5573,14,"2010-09-14",257
"2010",10,"10","Oct","broadleaf",0.7693,0.777,0.777,14,"2010-10-14",287
"2010",10,"10","Oct","Lloyd",0.6556,0.7,0.7,14,"2010-10-14",287
"2010",10,"10","Oct","scrub",0.6067,0.633,0.633,14,"2010-10-14",287
"2010",11,"11","Nov","broadleaf",0.8391,0.835,0.8391,14,"2010-11-14",318
"2010",11,"11","Nov","Lloyd",0.6931,0.7254,0.7254,14,"2010-11-14",318
"2010",11,"11","Nov","scrub",0.599,0.6165,0.6165,14,"2010-11-14",318
"2010",12,"12","Dec","broadleaf",0.7667,0.7679,0.7679,14,"2010-12-14",348
"2010",12,"12","Dec","Lloyd",0.6699,0.7094,0.7094,14,"2010-12-14",348
"2010",12,"12","Dec","scrub",0.5369,0.5437,0.5437,14,"2010-12-14",348
"2011",1,"1","Jan","broadleaf",0.7626,0.754,0.7626,14,"2011-01-14",14
"2011",1,"1","Jan","Lloyd",0.7143,0.7178,0.7178,14,"2011-01-14",14
"2011",1,"1","Jan","scrub",0.5485,0.5068,0.5485,14,"2011-01-14",14
"2011",2,"2","Feb","broadleaf",0.7513,0.7102,0.7513,14,"2011-02-14",45
"2011",2,"2","Feb","Lloyd",0.717,0.7116,0.717,14,"2011-02-14",45
"2011",2,"2","Feb","scrub",0.4816,0.4719,0.4816,14,"2011-02-14",45
"2011",3,"3","Mar","broadleaf",0.6969,0.6777,0.6969,14,"2011-03-14",73
"2011",3,"3","Mar","Lloyd",0.7133,0.7029,0.7133,14,"2011-03-14",73
"2011",3,"3","Mar","scrub",0.4515,0.4263,0.4515,14,"2011-03-14",73
"2011",4,"4","Apr","broadleaf",0.6385,0.6823,0.6823,14,"2011-04-14",104
"2011",4,"4","Apr","Lloyd",0.7163,0.6919,0.7163,14,"2011-04-14",104
"2011",4,"4","Apr","scrub",0.4185,0.4777,0.4777,14,"2011-04-14",104
"2011",5,"5","May","broadleaf",0.7274,0.6459,0.7274,14,"2011-05-14",134
"2011",5,"5","May","Lloyd",0.6753,0.6274,0.6753,14,"2011-05-14",134
"2011",5,"5","May","scrub",0.5214,0.4437,0.5214,14,"2011-05-14",134
"2011",6,"6","Jun","broadleaf",0.773,0.821,0.821,14,"2011-06-14",165
"2011",6,"6","Jun","Lloyd",0.6847,0.701,0.701,14,"2011-06-14",165
"2011",6,"6","Jun","scrub",0.5883,0.5699,0.5883,14,"2011-06-14",165
"2011",7,"7","Jul","broadleaf",0.7912,0.8038,0.8038,14,"2011-07-14",195
"2011",7,"7","Jul","Lloyd",0.6724,0.7163,0.7163,14,"2011-07-14",195
"2011",7,"7","Jul","scrub",0.5466,0.5699,0.5699,14,"2011-07-14",195
"2011",8,"8","Aug","broadleaf",0.8117,0.7766,0.8117,14,"2011-08-14",226
"2011",8,"8","Aug","Lloyd",0.7146,0.6837,0.7146,14,"2011-08-14",226
"2011",8,"8","Aug","scrub",0.5786,0.5602,0.5786,14,"2011-08-14",226
"2011",9,"9","Sep","broadleaf",0.7462,0.8005,0.8005,14,"2011-09-14",257
"2011",9,"9","Sep","Lloyd",0.674,0.6617,0.674,14,"2011-09-14",257
"2011",9,"9","Sep","scrub",0.5524,0.6203,0.6203,14,"2011-09-14",257
"2011",10,"10","Oct","broadleaf",0.7932,0.7998,0.7998,14,"2011-10-14",287
"2011",10,"10","Oct","Lloyd",0.6437,0.717,0.717,14,"2011-10-14",287
"2011",10,"10","Oct","scrub",0.5961,0.5631,0.5961,14,"2011-10-14",287
"2011",11,"11","Nov","broadleaf",0.7568,0.6836,0.7568,14,"2011-11-14",318
"2011",11,"11","Nov","Lloyd",0.7055,0.6881,0.7055,14,"2011-11-14",318
"2011",11,"11","Nov","scrub",0.5767,0.533,0.5767,14,"2011-11-14",318
"2011",12,"12","Dec","broadleaf",0.699,0.6969,0.699,14,"2011-12-14",348
"2011",12,"12","Dec","Lloyd",0.7097,0.7042,0.7097,14,"2011-12-14",348
"2011",12,"12","Dec","scrub",0.5223,0.5126,0.5223,14,"2011-12-14",348
"2012",1,"1","Jan","broadleaf",0.7043,0.6784,0.7043,14,"2012-01-14",14
"2012",1,"1","Jan","Lloyd",0.7201,0.7331,0.7331,14,"2012-01-14",14
"2012",1,"1","Jan","scrub",0.5221,0.5031,0.5221,14,"2012-01-14",14
"2012",2,"2","Feb","broadleaf",0.6302,0.6686,0.6686,14,"2012-02-14",45
"2012",2,"2","Feb","Lloyd",0.7401,0.7331,0.7401,14,"2012-02-14",45
"2012",2,"2","Feb","scrub",0.4777,0.4822,0.4822,14,"2012-02-14",45
"2012",3,"3","Mar","broadleaf",0.7445,0.6981,0.7445,14,"2012-03-14",74
"2012",3,"3","Mar","Lloyd",0.7193,0.6106,0.7193,14,"2012-03-14",74
"2012",3,"3","Mar","scrub",0.4714,0.4442,0.4714,14,"2012-03-14",74
"2012",4,"4","Apr","broadleaf",0.6777,0.6651,0.6777,14,"2012-04-14",105
"2012",4,"4","Apr","Lloyd",0.6022,0.6092,0.6092,14,"2012-04-14",105
"2012",4,"4","Apr","scrub",0.4532,0.4995,0.4995,14,"2012-04-14",105
"2012",5,"5","May","broadleaf",0.7518,0.749,0.7518,14,"2012-05-14",135
"2012",5,"5","May","Lloyd",0.6819,0.6863,0.6863,14,"2012-05-14",135
"2012",5,"5","May","scrub",0.5529,0.5484,0.5529,14,"2012-05-14",135
"2012",6,"6","Jun","broadleaf",0.7204,0.6249,0.7204,14,"2012-06-14",166
"2012",6,"6","Jun","Lloyd",0.7093,0.6845,0.7093,14,"2012-06-14",166
"2012",6,"6","Jun","scrub",0.5067,0.4686,0.5067,14,"2012-06-14",166
"2012",7,"7","Jul","broadleaf",0.6034,0.6472,0.6472,14,"2012-07-14",196
"2012",7,"7","Jul","Lloyd",0.6811,0.7212,0.7212,14,"2012-07-14",196
"2012",7,"7","Jul","scrub",0.4523,0.4551,0.4551,14,"2012-07-14",196
"2012",8,"8","Aug","broadleaf",0.6972,0.757,0.757,14,"2012-08-14",227
"2012",8,"8","Aug","Lloyd",0.6945,0.663,0.6945,14,"2012-08-14",227
"2012",8,"8","Aug","scrub",0.5004,0.5756,0.5756,14,"2012-08-14",227
"2012",9,"9","Sep","broadleaf",0.8204,0.8213,0.8213,14,"2012-09-14",258
"2012",9,"9","Sep","Lloyd",0.6685,0.7327,0.7327,14,"2012-09-14",258
"2012",9,"9","Sep","scrub",0.5955,0.5865,0.5955,14,"2012-09-14",258
"2012",10,"10","Oct","broadleaf",0.774,0.7311,0.774,14,"2012-10-14",288
"2012",10,"10","Oct","Lloyd",0.7101,0.6697,0.7101,14,"2012-10-14",288
"2012",10,"10","Oct","scrub",0.5393,0.5257,0.5393,14,"2012-10-14",288
"2012",11,"11","Nov","broadleaf",0.7472,0.7572,0.7572,14,"2012-11-14",319
"2012",11,"11","Nov","Lloyd",0.6882,0.7057,0.7057,14,"2012-11-14",319
"2012",11,"11","Nov","scrub",0.5538,0.571,0.571,14,"2012-11-14",319
"2012",12,"12","Dec","broadleaf",0.774,0.8436,0.8436,14,"2012-12-14",349
"2012",12,"12","Dec","Lloyd",0.7123,0.7442,0.7442,14,"2012-12-14",349
"2012",12,"12","Dec","scrub",0.5783,0.5928,0.5928,14,"2012-12-14",349
"2013",1,"1","Jan","broadleaf",0.8088,0.7347,0.8088,14,"2013-01-14",14
"2013",1,"1","Jan","Lloyd",0.726,0.7223,0.726,14,"2013-01-14",14
"2013",1,"1","Jan","scrub",0.5674,0.5276,0.5674,14,"2013-01-14",14
"2013",2,"2","Feb","broadleaf",0.6677,0.6017,0.6677,14,"2013-02-14",45
"2013",2,"2","Feb","Lloyd",0.7375,0.7078,0.7375,14,"2013-02-14",45
"2013",2,"2","Feb","scrub",0.4895,0.4469,0.4895,14,"2013-02-14",45
"2013",3,"3","Mar","broadleaf",0.5793,0.5892,0.5892,14,"2013-03-14",73
"2013",3,"3","Mar","Lloyd",0.611,0.5446,0.611,14,"2013-03-14",73
"2013",3,"3","Mar","scrub",0.417,0.3971,0.417,14,"2013-03-14",73
"2013",4,"4","Apr","broadleaf",0.5713,0.5652,0.5713,14,"2013-04-14",104
"2013",4,"4","Apr","Lloyd",0.6125,0.6678,0.6678,14,"2013-04-14",104
"2013",4,"4","Apr","scrub",0.3817,0.3998,0.3998,14,"2013-04-14",104
"2013",5,"5","May","broadleaf",0.6651,0.6963,0.6963,14,"2013-05-14",134
"2013",5,"5","May","Lloyd",0.5921,0.5813,0.5921,14,"2013-05-14",134
"2013",5,"5","May","scrub",0.3653,0.3454,0.3653,14,"2013-05-14",134
"2013",6,"6","Jun","broadleaf",0.6474,0.5945,0.6474,14,"2013-06-14",165
"2013",6,"6","Jun","Lloyd",0.6396,0.6874,0.6874,14,"2013-06-14",165
"2013",6,"6","Jun","scrub",0.3409,0.3934,0.3934,14,"2013-06-14",165
"2013",7,"7","Jul","broadleaf",0.6358,0.7079,0.7079,14,"2013-07-14",195
"2013",7,"7","Jul","Lloyd",0.6823,0.6859,0.6859,14,"2013-07-14",195
"2013",7,"7","Jul","scrub",0.4161,0.4569,0.4569,14,"2013-07-14",195
"2013",8,"8","Aug","broadleaf",0.7374,0.7133,0.7374,14,"2013-08-14",226
"2013",8,"8","Aug","Lloyd",0.6841,0.6785,0.6841,14,"2013-08-14",226
"2013",8,"8","Aug","scrub",0.4913,0.5031,0.5031,14,"2013-08-14",226
"2013",9,"9","Sep","broadleaf",0.7713,0.7918,0.7918,14,"2013-09-14",257
"2013",9,"9","Sep","Lloyd",0.6756,0.6893,0.6893,14,"2013-09-14",257
"2013",9,"9","Sep","scrub",0.5475,0.5665,0.5665,14,"2013-09-14",257
"2013",10,"10","Oct","broadleaf",0.79,0.7454,0.79,14,"2013-10-14",287
"2013",10,"10","Oct","Lloyd",0.6948,0.6904,0.6948,14,"2013-10-14",287
"2013",10,"10","Oct","scrub",0.5683,0.5556,0.5683,14,"2013-10-14",287
"2013",11,"11","Nov","broadleaf",0.7927,0.7775,0.7927,14,"2013-11-14",318
"2013",11,"11","Nov","Lloyd",0.6911,0.7023,0.7023,14,"2013-11-14",318
"2013",11,"11","Nov","scrub",0.5629,0.5629,0.5629,14,"2013-11-14",318
"2013",12,"12","Dec","broadleaf",0.7811,0.757,0.7811,14,"2013-12-14",348
"2013",12,"12","Dec","Lloyd",0.7245,0.7175,0.7245,14,"2013-12-14",348
"2013",12,"12","Dec","scrub",0.5194,0.494,0.5194,14,"2013-12-14",348
"2014",1,"1","Jan","broadleaf",0.7088,0.6617,0.7088,14,"2014-01-14",14
"2014",1,"1","Jan","Lloyd",0.7305,0.7152,0.7305,14,"2014-01-14",14
"2014",1,"1","Jan","scrub",0.4614,0.4487,0.4614,14,"2014-01-14",14
"2014",2,"2","Feb","broadleaf",0.5883,0.5642,0.5883,14,"2014-02-14",45
"2014",2,"2","Feb","Lloyd",0.6927,0.6897,0.6927,14,"2014-02-14",45
"2014",2,"2","Feb","scrub",0.4043,0.3998,0.4043,14,"2014-02-14",45
"2014",3,"3","Mar","broadleaf",0.5492,0.6017,0.6017,14,"2014-03-14",73
"2014",3,"3","Mar","Lloyd",0.6148,0.6285,0.6285,14,"2014-03-14",73
"2014",3,"3","Mar","scrub",0.3771,0.3971,0.3971,14,"2014-03-14",73
"2014",4,"4","Apr","broadleaf",0.5383,0.5338,0.5383,14,"2014-04-14",104
"2014",4,"4","Apr","Lloyd",0.67,0.6637,0.67,14,"2014-04-14",104
"2014",4,"4","Apr","scrub",0.378,0.3871,0.3871,14,"2014-04-14",104
"2014",5,"5","May","broadleaf",0.5884,0.6793,0.6793,14,"2014-05-14",134
"2014",5,"5","May","Lloyd",0.6262,0.6133,0.6262,14,"2014-05-14",134
"2014",5,"5","May","scrub",0.3735,0.4451,0.4451,14,"2014-05-14",134
"2014",6,"6","Jun","broadleaf",0.7267,0.6981,0.7267,14,"2014-06-14",165
"2014",6,"6","Jun","Lloyd",0.6273,0.6522,0.6522,14,"2014-06-14",165
"2014",6,"6","Jun","scrub",0.4895,0.4859,0.4895,14,"2014-06-14",165
"2014",7,"7","Jul","broadleaf",0.707,0.6954,0.707,14,"2014-07-14",195
"2014",7,"7","Jul","Lloyd",0.6874,0.6904,0.6904,14,"2014-07-14",195
"2014",7,"7","Jul","scrub",0.4822,0.4768,0.4822,14,"2014-07-14",195
"2014",8,"8","Aug","broadleaf",0.7374,0.7124,0.7374,14,"2014-08-14",226
"2014",8,"8","Aug","Lloyd",0.6997,0.6863,0.6997,14,"2014-08-14",226
"2014",8,"8","Aug","scrub",0.542,0.5348,0.542,14,"2014-08-14",226
"2014",9,"9","Sep","broadleaf",0.7856,0.7838,0.7856,14,"2014-09-14",257
"2014",9,"9","Sep","Lloyd",0.6856,0.6848,0.6856,14,"2014-09-14",257
"2014",9,"9","Sep","scrub",0.5955,0.5955,0.5955,14,"2014-09-14",257
"2014",10,"10","Oct","broadleaf",0.7695,0.7472,0.7695,14,"2014-10-14",287
"2014",10,"10","Oct","Lloyd",0.6897,0.6786,0.6897,14,"2014-10-14",287
"2014",10,"10","Oct","scrub",0.5937,0.5747,0.5937,14,"2014-10-14",287
"2014",11,"11","Nov","broadleaf",0.7668,0.7695,0.7695,14,"2014-11-14",318
"2014",11,"11","Nov","Lloyd",0.6241,0.6611,0.6611,14,"2014-11-14",318
"2014",11,"11","Nov","scrub",0.5584,0.5547,0.5584,14,"2014-11-14",318
"2014",12,"12","Dec","broadleaf",0.6768,0.6722,0.6768,14,"2014-12-14",348
"2014",12,"12","Dec","Lloyd",0.716,0.7271,0.7271,14,"2014-12-14",348
"2014",12,"12","Dec","scrub",0.4986,0.4958,0.4986,14,"2014-12-14",348
"2015",1,"1","Jan","broadleaf",0.6793,0.657,0.6793,14,"2015-01-14",14
"2015",1,"1","Jan","Lloyd",0.7152,0.6994,0.7152,14,"2015-01-14",14
"2015",1,"1","Jan","scrub",0.504,0.494,0.504,14,"2015-01-14",14
"2015",2,"2","Feb","broadleaf",0.6642,0.7195,0.7195,14,"2015-02-14",45
"2015",2,"2","Feb","Lloyd",0.6744,0.7075,0.7075,14,"2015-02-14",45
"2015",2,"2","Feb","scrub",0.4958,0.5212,0.5212,14,"2015-02-14",45
"2015",3,"3","Mar","broadleaf",0.6784,0.6134,0.6784,14,"2015-03-14",73
"2015",3,"3","Mar","Lloyd",0.67,0.6619,0.67,14,"2015-03-14",73
"2015",3,"3","Mar","scrub",0.4958,0.4469,0.4958,14,"2015-03-14",73
"2015",4,"4","Apr","broadleaf",0.5758,0.5624,0.5758,14,"2015-04-14",104
"2015",4,"4","Apr","Lloyd",0.66,0.7008,0.7008,14,"2015-04-14",104
"2015",4,"4","Apr","scrub",0.4052,0.3726,0.4052,14,"2015-04-14",104
"2015",5,"5","May","broadleaf",0.4686,0.4722,0.4722,14,"2015-05-14",134
"2015",5,"5","May","Lloyd",0.6793,0.6644,0.6793,14,"2015-05-14",134
"2015",5,"5","May","scrub",0.311,0.3037,0.311,14,"2015-05-14",134
"2015",6,"6","Jun","broadleaf",0.5204,0.5472,0.5472,14,"2015-06-14",165
"2015",6,"6","Jun","Lloyd",0.6518,0.65,0.6518,14,"2015-06-14",165
"2015",6,"6","Jun","scrub",0.3345,0.3436,0.3436,14,"2015-06-14",165
"2015",7,"7","Jul","broadleaf",0.5186,0.4811,0.5186,14,"2015-07-14",195
"2015",7,"7","Jul","Lloyd",0.6526,0.6615,0.6615,14,"2015-07-14",195
"2015",7,"7","Jul","scrub",0.3155,0.3101,0.3155,14,"2015-07-14",195
"2015",8,"8","Aug","broadleaf",0.4088,0.5061,0.5061,14,"2015-08-14",226
"2015",8,"8","Aug","Lloyd",0.6233,0.6456,0.6456,14,"2015-08-14",226
"2015",8,"8","Aug","scrub",0.2756,0.3418,0.3418,14,"2015-08-14",226
"2015",9,"9","Sep","broadleaf",0.6624,0.7561,0.7561,14,"2015-09-14",257
"2015",9,"9","Sep","Lloyd",0.6277,0.6456,0.6456,14,"2015-09-14",257
"2015",9,"9","Sep","scrub",0.4397,0.5339,0.5339,14,"2015-09-14",257
"2015",10,"10","Oct","broadleaf",0.7793,0.7552,0.7793,14,"2015-10-14",287
"2015",10,"10","Oct","Lloyd",0.6767,0.6968,0.6968,14,"2015-10-14",287
"2015",10,"10","Oct","scrub",0.5348,0.5049,0.5348,14,"2015-10-14",287
"2015",11,"11","Nov","broadleaf",0.7025,0.6936,0.7025,14,"2015-11-14",318
"2015",11,"11","Nov","Lloyd",0.6778,0.6908,0.6908,14,"2015-11-14",318
"2015",11,"11","Nov","scrub",0.4759,0.5121,0.5121,14,"2015-11-14",318
"2015",12,"12","Dec","broadleaf",0.7659,0.7713,0.7713,14,"2015-12-14",348
"2015",12,"12","Dec","Lloyd",0.7327,0.7319,0.7327,14,"2015-12-14",348
"2015",12,"12","Dec","scrub",0.5375,0.5402,0.5402,14,"2015-12-14",348
